day,temperature
0,10.993428306022466
1,9.898487151840236
2,11.645357682337465
3,13.570903381510135
4,10.231247335364722
5,10.405787128714966
6,14.20673942144657
7,12.757131110129322
8,10.4569052686961
9,12.654160562798824
10,10.814935210477074
11,10.982534668977463
12,12.569585682827022
13,8.430161086249221
14,8.9772900869147
15,11.472249072751783
16,10.740105144042511
17,13.562401072285725
18,11.285144180049212
19,10.442969139182127
20,16.36430822920495
21,13.145894111767806
22,13.89589324384968
23,11.073637222116343
24,12.995524405424643
25,14.46610399270702
26,12.101006866495181
27,15.311845430770255
28,13.515301845837307
29,14.287950702960458
30,13.82126819231358
31,18.881120748393
32,15.299948584015459
33,13.36035190949434
34,17.268103251665586
35,13.32693203087248
36,16.330276468100493
37,12.135421318090279
38,13.538842901138558
39,16.727591374403726
40,17.94761629485826
41,16.948354660137063
42,16.507338184879906
43,16.267487225367585
44,14.0417158227167
45,15.686104588866145
46,16.32947997781858
47,19.487861706875215
48,18.181573320466335
49,14.086800834598659
50,18.37738421376306
51,17.07314403175655
52,16.601281223555258
53,19.287986546797217
54,20.233802354774802
55,20.13916265901802
56,16.700566131683615
57,17.86054541641882
58,19.239007558885596
59,20.622595049059523
60,17.805666757228334
61,18.482667569484448
62,16.728719980574247
63,16.633790225458633
64,20.733453592757268
65,21.9004419726719
66,19.120840477817318
67,21.346142292250665
68,20.133860218197697
69,18.18913595296929
70,20.268210122196038
71,22.684772992462563
72,19.597548390911417
73,22.856191036253847
74,14.542303230261275
75,21.477659264325425
76,20.057165794619706
77,19.331417268741205
78,20.15644391222093
79,16.038393015614854
80,19.611902522042094
81,20.800283588013823
82,23.07374596239312
83,19.11039559312342
84,18.555998022131313
85,19.192584559853344
86,22.04707457050474
87,20.89099743009282
88,19.188248657137343
89,21.285623426906465
90,20.461606335621813
91,22.210145487572966
92,18.87119447020735
93,19.61946256228342
94,19.48709883258426
95,17.33785752689175
96,20.84774705234308
97,20.765286572097075
98,20.238127461543858
99,19.740511201036963
100,17.357795580105055
101,19.32317183788523
102,19.45204070416796
103,18.503013162515426
104,19.752194687537305
105,20.84717727484905
106,23.77287930358778
107,20.308229857030984
108,20.429889681786662
109,19.71877366904605
110,15.980176433801388
111,19.71193690866743
112,19.829879804525824
113,24.577584589092517
114,19.205303813722843
115,20.12930916751159
116,19.390262813916145
117,17.053105853984945
118,21.604208211935614
119,20.74787654366646
120,20.74889245838757
121,17.268265658460134
122,21.810259609709547
123,16.116042960312374
124,20.00600306851788
125,23.123240391964877
126,16.66882072220112
127,17.422414359043646
128,18.657010173198778
129,17.351064619639544
130,15.154638798733757
131,18.288713677681883
132,15.920306476889015
133,18.883161505199503
134,15.985960602402216
135,20.811313779219997
136,16.029412188211758
137,16.834142523364807
138,18.985555455828102
139,14.774992858036718
140,17.567823764620826
141,19.601391270544234
142,13.644398734922461
143,17.098988626908294
144,17.117977719453226
145,18.028524414249333
146,13.855859450566797
147,13.55198638095122
148,17.09821939351747
149,16.50808207515231
150,16.273257089166147
151,16.32175152152584
152,14.123857754636061
153,15.801978848745126
154,15.775737039460138
155,13.611610924689776
156,18.621230541960234
157,15.685406673722822
158,12.201930552465054
159,15.74322510491681
160,12.325165096790801
161,15.691985332313967
162,16.277219369857583
163,12.159847641313444
164,15.568168465778164
165,14.306250027510197
166,14.963196946808173
167,16.950216243348454
168,12.502621853531924
169,11.321956911375723
170,10.885744291216255
171,10.867858858870836
172,12.179394457085545
173,12.849482416205268
174,12.553652933365344
175,13.48729325663964
176,11.691198929615311
177,14.404195173126666
178,10.799459332760298
179,16.60052212672249
180,12.242744873269732
181,9.108187869569537
182,8.511728081512995
183,11.449436188505318
184,9.868563156895982
185,11.574557072751222
186,10.924219555859287
187,9.663446410538668
188,7.947099226909278
189,6.442847864139115
190,8.411691927479126
191,10.850073354528831
192,9.39844204231047
193,6.312230950705675
194,8.984049651225744
195,9.24287720363588
196,6.539707415382535
197,8.45072720291846
198,8.096273451780437
199,5.531268010350953
200,8.370958502828554
201,8.615999370301433
202,9.500499215129604
203,9.282935364105926
204,4.261943133201586
205,4.984646133293553
206,7.73449216880706
207,7.577277048281902
208,7.426288792785323
209,13.94939575118425
210,7.234750161072892
211,8.214479370284879
212,7.703118310596646
213,6.951096475726278
214,4.872451497626207
215,6.877125157427244
216,3.6712971740905385
217,4.60267841219209
218,3.9666061913147406
219,4.963790880699137
220,9.293802218150528
221,0.7961713518190026
222,5.771253415665726
223,1.043187175577195
224,3.1965350451518324
225,6.1920126353249625
226,4.01835520832857
227,1.6119980820473168
228,2.2166185066899367
229,4.88824200504271
230,1.95225197930149
231,3.731994543204708
232,3.278501145818139
233,1.7746588008968784
234,7.258504922944625
235,4.1334998778068215
236,-1.287258464981206
237,3.0356512584554034
238,1.2412672288024322
239,4.174215824858835
240,0.7912572879050601
241,2.0562445267734897
242,3.2076073402663203
243,3.843582224311721
244,-0.37153203679722546
245,1.2796225867081021
246,0.9208987468481571
247,0.4889191650880793
248,5.2539214662603575
249,2.463081218273985
250,-0.9358542756135484
251,3.357145164462514
252,5.7039730743425725
253,3.465581547752353
254,-1.6943292729026438
255,0.32248896182865205
256,3.7741293762047334
257,-0.22286248551423116
258,2.0351191091309704
259,2.654600808881362
260,-0.7878137899936664
261,0.9105854071085622
262,-5.4864234175474635
263,-1.0832918911378169
264,0.4326261542941555
265,-1.5826088138711203
266,4.155899506247661
267,-1.9881548912782265
268,-0.02397202948723709
269,1.1045309163849524
270,3.7154776510310628
271,-2.045959543162851
272,3.1478813333900613
273,0.8407665384205822
274,-1.1410115223428274
275,1.7508772508254908
276,1.2324128826069713
277,-0.3555597751573233
278,0.9980136921914251
279,0.10426980925318208
280,1.1213671207961586
281,2.2409722896969986
282,4.114060431938146
283,-1.505357594004127
284,5.267510031097519
285,-2.8686475009114645
286,0.7689484641268021
287,2.2890393045950272
288,1.7171596306562296
289,-0.04457914364215965
290,0.8330797743039967
291,0.3146736974492138
292,0.17612994943047466
293,3.1110650125781873
294,2.1856946244788973
295,0.14843196596311836
296,3.3988054483084333
297,2.2823078654626743
298,3.364265507902452
299,3.071340648122142
300,0.23032300959428742
301,0.8468477213661076
302,3.5433380264108862
303,3.353653363968537
304,2.177868647496911
305,2.5436578041163838
306,4.956210684107662
307,1.312136322462308
308,3.6863653764482907
309,2.287142345576205
310,2.3579592890895684
311,5.095077218635264
312,4.654935858524216
313,4.740049254323444
314,5.835230248840823
315,3.3798067697014145
316,4.817482574067974
317,2.951038383781702
318,4.3400835589353415
319,3.5537927185735985
320,4.132512435938458
321,5.25535400421794
322,2.557159251623564
323,8.508939896142369
324,2.4446616219325747
325,2.1627781826778927
326,7.043725260895759
327,6.449026629934819
328,6.253948219514759
329,6.404176019951562
330,5.266495878178547
331,3.641671532267848
332,5.734624595351281
333,4.377129048870234
334,7.831687683720856
335,5.738844452526345
336,4.534947127451451
337,5.69757906791971
338,7.322005010222409
339,5.525821253346127
340,5.16724912291058
341,7.458729198776261
342,7.622151726765431
343,6.280348275127033
344,6.51527923311474
345,8.08563473226491
346,4.89055528700626
347,5.137947638584351
348,6.683051787984356
349,7.860976246546702
350,9.078432471441953
351,11.576843988073149
352,10.511683163923848
353,8.647387883609582
354,9.100752531803675
355,7.305815332681597
356,9.446455978406856
357,9.079242045280303
358,10.475492072278179
359,8.34945679633173
360,11.216792985778893
361,13.418025943894682
362,10.309692134032554
363,11.505465542432614
364,12.257274256014087
365,10.249553129198508
366,11.675199563115031
367,11.427181750086177
368,11.772242424808988
369,10.205624003362685
370,11.97522650254979
371,13.096523790948638
372,15.176843253284868
373,14.366783683731326
374,16.927899596347565
375,11.25968846887449
376,14.711379783954632
377,13.505233325544939
378,17.689371917918162
379,11.863742374007735
380,11.970774721897275
381,12.62056976289962
382,9.739908276178069
383,13.10369344777905
384,12.803552350397883
385,14.788281428775354
386,15.335695851148296
387,18.56818163656489
388,16.87926216710002
389,13.986052965382086
390,13.50330108671609
391,16.443016753090276
392,12.97649162755089
393,19.43634105388317
394,18.287409680361925
395,15.143879477029547
396,12.80821389599977
397,19.092986539958666
398,16.30538387885548
399,19.157737641950526
400,13.639268018236086
401,15.773726155495616
402,17.125609185587933
403,17.349979954224295
404,16.494995394139337
405,18.778104085635743
406,15.532571824472258
407,17.51655357215107
408,18.17345644422538
409,19.09131022638475
410,19.613206977445167
411,16.06617813135675
412,15.370623252781463
413,21.115463077600477
414,19.34382886324659
415,17.29911838427686
416,22.013051537089947
417,19.254485452993084
418,21.49181925075888
419,19.376018954267984
420,23.4678723613071
421,22.96005982761784
422,19.05202899596299
423,21.59122698878052
424,21.034485273909063
425,22.57413785546775
426,17.99763558842413
427,21.387633677731124
428,22.21784329140702
429,16.666369814364813
430,17.897553510690017
431,16.263172357461375
432,19.877711583870525
433,21.923799393972203
434,23.56289923171098
435,20.773105879400187
436,23.94612068756323
437,17.989884001695298
438,17.401726183439827
439,20.752990235724987
440,21.68498596652814
441,20.901395143779265
442,16.878976260177087
443,20.87982940774777
444,18.490460524093344
445,22.477184330430994
446,21.906574614790994
447,19.32624699314647
448,20.20798196017616
449,19.144070862273914
450,21.160987667352316
451,23.217538134147013
452,19.35376340796217
453,22.34832048790177
454,20.291770570567028
455,19.77564220693442
456,21.15347112369961
457,19.300232148570082
458,20.263644055435424
459,18.9724544975028
460,25.291971605198217
461,21.4244055113262
462,19.942833916078122
463,21.75570505331967
464,21.085608397644357
465,20.84790958910016
466,22.494838434444816
467,22.75525645123529
468,20.15006314298306
469,20.02735129553452
470,20.593915032741023
471,16.502326295135706
472,18.03506833322824
473,23.75562539789771
474,24.265397049635357
475,20.428147280149606
476,22.02727945833514
477,21.441816741916746
478,26.919450796470258
479,22.94045153586272
480,20.382337607540666
481,18.6612410994969
482,17.290877017127393
483,20.839464266554586
484,18.845944468301145
485,17.437611883890643
486,18.90983479220069
487,17.958158030615596
488,23.411248076648263
489,21.713418210848808
490,19.84485700754244
491,22.728871187788794
492,19.82944523032445
493,17.855439787609427
494,22.525159293218003
495,20.455267759796882
496,17.199156395279978
497,18.786868480560457
498,17.307934849336114
499,16.18295875763873
500,20.688095142131253
501,22.539584392008166
502,15.806491178753326
503,19.610339713276662
504,17.061826881705482
505,17.26554467820286
506,16.92970104787367
507,16.259248800419215
508,17.955101577506742
509,16.065111720870696
510,18.135044554042445
511,17.358979158477954
512,16.84513002504319
513,15.369757061959753
514,15.891529284149865
515,18.414413508657095
516,17.762438838831546
517,14.660924887039352
518,16.668632075092063
519,17.825219084711353
520,12.834701477663037
521,17.109934414166744
522,14.546348651927046
523,16.859901552239876
524,14.0380659829638
525,11.79951870578737
526,11.997762016417743
527,15.191493324256511
528,15.456205028283133
529,12.968571232905717
530,15.89388982611164
531,11.13226955878389
532,14.160907857306645
533,11.707994720704392
534,12.662565598607811
535,13.896546234821646
536,11.915783186258109
537,12.701759554691959
538,15.317166622260354
539,11.98400735534717
540,14.64193538253374
541,10.543497863282141
542,13.694531187804598
543,15.349772776168482
544,7.354811367645748
545,10.535577580191632
546,13.114633777254122
547,11.385424752729348
548,12.364788733514871
549,10.245514438385115
550,11.457709476064602
551,10.804328668118794
552,13.282559500710498
553,11.287359108355878
554,11.28550533922691
555,9.618639891100406
556,9.299636972306704
557,9.242600897588908
558,10.729952011270871
559,8.932922026618126
560,10.188846828454418
561,13.59511759265357
562,11.022246745541128
563,8.46434359255344
564,11.35597309592234
565,7.9753594530742316
566,4.554085265629233
567,6.453893622641731
568,4.569170396195395
569,7.4494193799480515
570,8.03202706580622
571,11.191908163327703
572,8.337877886657472
573,7.092004808684845
574,9.036439287418357
575,2.804065335316431
576,7.547604124898096
577,8.469520942476041
578,3.823454956114658
579,8.922438209690766
580,7.167735398429235
581,5.517532555524281
582,7.472634350648779
583,10.60905762747212
584,6.293686911792511
585,6.290400901048638
586,4.74100722386019
587,3.8276141549976517
588,7.057393049266512
589,3.5558564667837005
590,5.284382446985408
591,4.061122486741033
592,5.8515838150705
593,5.440171763194851
594,6.729224063407325
595,3.517517246667427
596,3.8833506803176885
597,2.353303018104163
598,3.312187330795189
599,4.847565196096528
600,5.501411550493216
601,2.0398856399205734
602,5.522553395061746
603,6.396116572741002
604,4.415614031255305
605,7.2486726132841826
606,1.8563013512112767
607,0.8258589775982759
608,-0.3284664663639689
609,6.1374117081112
610,4.372972499403046
611,2.8745838754964796
612,3.469820543240992
613,0.5856766508302851
614,7.657594098281017
615,2.956653604363348
616,2.851828612939843
617,4.022126910051958
618,3.4729129857952294
619,2.901728206174259
620,0.8188593927892922
621,3.291392586938611
622,6.06396794128497
623,4.945052873599767
624,5.397725037748589
625,1.148918176019268
626,0.15500909906744575
627,1.848397451725602
628,2.1800680325989226
629,4.228552690446618
630,-1.3702943249219386
631,5.0511231338341345
632,1.6563241166953013
633,1.1018317635746417
634,-0.08241844359666617
635,-1.3787792470611342
636,3.569370540909051
637,2.0647152971281115
638,-0.663835380977527
639,-0.6731055263896464
640,1.2494073638819787
641,5.265903429610473
642,1.418519015494106
643,-1.0557871506674197
644,1.47476246380125
645,1.4395003150573067
646,-3.3871825881218385
647,1.9225830717278836
648,1.5968183286492115
649,3.4815399260374242
650,5.820396296805806
651,4.411879196577451
652,1.660135063343655
653,0.026911509041578352
654,7.4316098344121855
655,2.4511176098002716
656,2.4111801976936422
657,2.388548572281314
658,2.889266724212048
659,2.263480386674257
660,1.4667701541997076
661,1.5850407651360858
662,2.680669861548572
663,1.7294788265338572
664,1.4635031113776527
665,3.177615106591573
666,2.5330323857232493
667,6.131854899559622
668,-2.094561706657316
669,5.4765036637085185
670,5.8743508624015135
671,-0.6733563592623799
672,2.8818195434366354
673,2.9205837630562725
674,0.9471854061503735
675,2.3077629260470864
676,1.74584726578203
677,7.577527878943531
678,6.052686717854962
679,6.835106792422685
680,5.848299272505619
681,2.2620694765782954
682,3.588576486581136
683,5.736002401437917
684,2.434791666207249
685,6.428960741455354
686,4.648316492857701
687,4.507379494394696
688,6.809008273039988
689,6.407657992326569
690,4.93117969011071
691,8.107651141262298
692,3.7646039313238466
693,7.298160520153686
694,7.393829799772947
695,5.731610704175488
696,7.1477427968208005
697,4.139677686703115
698,8.637999439950143
699,6.56975124580272
700,6.045245765600295
701,9.341328881148298
702,5.988679731553918
703,4.735894563303225
704,4.596357100178907
705,9.079736377531104
706,5.466215636987667
707,11.697231143808246
708,4.185516345614449
709,11.90513725172195
710,9.098178473529208
711,8.647658391059261
712,7.917161647582564
713,9.972113177798668
714,9.266290110406857
715,11.716710540845868
716,9.90788904298924
717,10.15009472591132
718,9.293005289363007
719,10.07770839410851
720,10.979154700680988
721,7.115697497042824
722,8.012628002935068
723,12.368922750064383
724,11.39790188039587
725,10.862310965307495
726,11.441531696562576
727,12.274442276188392
728,10.674552598844057
729,10.372382825279958
730,12.49567945153822
731,10.322265503427086
732,13.27051323534435
733,9.22376083206153
734,14.862032409186245
735,13.923531134394304
736,13.66478183061487
737,15.292210963751035
738,16.831554326906193
739,15.70274128288974
740,10.165217254980607
741,11.460294903631734
742,12.941763203058002
743,14.414952386630937
744,15.568826837950674
745,13.252078628027915
746,15.246426752141337
747,13.530674620036773
748,13.986123444921585
749,12.562677985103099
750,13.69544889297812
751,13.003487249643337
752,13.919028978903453
753,18.14090843183378
754,14.296559442496575
755,21.620689787694523
756,17.50191932692196
757,17.043056800163026
758,15.113467283607221
759,18.38625264617855
760,15.988413918049943
761,17.536327822652325
762,22.56361355784887
763,17.40093479901435
764,20.03964181309764
765,16.48117039741164
766,17.962319436202584
767,21.716973987434834
768,17.062776578159284
769,22.08116652947019
770,20.009512336377153
771,17.604954426462598
772,20.128684108756545
773,20.941020562620444
774,20.36959881494051
775,16.113583271045123
776,17.925761767239667
777,19.00891544490583
778,19.47687986281782
779,20.986727175960652
780,20.218228982853734
781,17.307356138160657
782,20.851399099577566
783,21.4228415590076
784,21.429593903765777
785,22.57756249439556
786,22.18744800786898
787,21.539151362870854
788,20.579203082034844
789,17.49388340137069
790,21.76881233271124
791,21.416194896919954
792,21.632667714527148
793,18.62212493823067
794,19.09701799678922
795,23.446318886100837
796,21.339135041078915
797,22.85680671801327
798,21.62330838345953
799,21.696335877010917
800,23.580808964335123
801,20.736816375605063
802,22.02304034335982
803,20.96535221991358
804,21.07720879863405
805,21.38133413919496
806,22.494586801496123
807,21.140612528760578
808,24.65454892462212
809,20.39587295110767
810,21.85050757419534
811,21.381053776536532
812,25.187828572296873
813,22.71742216395658
814,24.415516274173765
815,19.405288556164752
816,22.932153077185866
817,24.196012999273734
818,22.597069222982057
819,24.576259031909387
820,21.42056272076757
821,25.280718117908926
822,27.063744229500912
823,21.7412364606161
824,21.57391559444715
825,25.366739581250183
826,25.61121019479102
827,21.395489638769796
828,21.587032462338804
829,21.847090868425706
830,19.70207648301854
831,20.531061172523906
832,20.334548812991144
833,20.778786661770212
834,22.21365893330154
835,22.717210725488435
836,25.31265145674651
837,20.174940134052626
838,24.097432015663358
839,21.65510336321409
840,21.935616708028515
841,23.332830680653295
842,19.68359579925941
843,22.636924970046294
844,22.14531075417154
845,22.734863504286245
846,22.263126047402753
847,26.52751014077443
848,20.270865286070332
849,20.41112279939502
850,20.150965729833096
851,20.207804574984557
852,19.962902660254134
853,23.53205903077052
854,23.908840111758597
855,19.837627663082632
856,19.2232078656235
857,21.73708688796491
858,19.593713056306953
859,21.8655220806606
860,20.90462975342678
861,17.364077452803038
862,23.385046192653302
863,23.773981495243635
864,18.846592169362467
865,19.184496329223595
866,20.417180737072893
867,20.397769405082528
868,20.927240992724712
869,23.509784913954974
870,19.012668164740642
871,17.64515553837648
872,16.356337425369517
873,17.524418503938136
874,18.78944316032518
875,22.31238670409492
876,17.5538176734797
877,18.900621501602284
878,18.282482295991176
879,20.552715928459982
880,23.08875646842135
881,16.83051987071896
882,16.769190991686656
883,19.69069430646381
884,18.81899242455051
885,21.000039642791112
886,18.324520417319754
887,16.286787693374514
888,18.034103795082054
889,18.91638402203668
890,18.184930823617616
891,17.402357754787488
892,18.36390303114765
893,18.41083694264425
894,18.677251737598542
895,17.050085439194337
896,15.257253640248967
897,15.722882121272203
898,17.679627276127583
899,13.469131319347792
900,15.676030622383118
901,13.987025260683712
902,14.665598657610992
903,16.99885599870033
904,14.657480862811665
905,14.201023675860634
906,11.220893894694813
907,15.265207116977948
908,14.895450940528727
909,17.76251406922003
910,12.651760391191054
911,13.536770754209087
912,13.428282555604767
913,15.915409572754687
914,12.40089341041077
915,12.980553528647647
916,13.469424928300523
917,12.458117878412398
918,11.02349723604627
919,12.136257153822609
920,13.72735192712216
921,9.359418242774431
922,11.511148253900295
923,9.678177366290193
924,13.302222614698069
925,7.7000162736064475
926,9.463407413268015
927,11.171185935916922
928,13.384020938239384
929,9.958432023252756
930,8.81729126329182
931,13.52860923032428
932,6.709767716052987
933,5.0486280619196595
934,10.167705469172942
935,8.126044659110716
936,6.931251458622174
937,10.235128598549897
938,9.151897212488851
939,7.383246568707812
940,5.799177173251362
941,9.954402616654534
942,9.36095751794954
943,7.714680808207616
944,11.460238615458884
945,5.48222600376492
946,4.428318601144936
947,5.9541119149509925
948,7.106943581246049
949,7.546652779869396
950,6.441072506911136
951,7.492979890545836
952,4.152909197926359
953,9.41247088652944
954,6.231467303436025
955,8.503102766824869
956,6.8286552470231765
957,6.933394418358439
958,7.038133320568879
959,6.674790793643027
960,6.947694408667191
961,8.205565013196887
962,5.827484119835545
963,6.741836159071401
964,5.035982774697869
965,7.98958572696607
966,3.652767723453904
967,8.505969727142958
968,4.724675908445345
969,1.846741180734694
970,4.870225919812852
971,3.160094394874557
972,6.114148401027544
973,3.0407872348920764
974,3.3693790957260648
975,0.4009379774231956
976,3.196268058415857
977,-0.8234046121276606
978,0.7826573582084189
979,5.4000596546460535
980,5.382278336603927
981,4.5957423330677365
982,1.7477460007480081
983,3.5258881081562565
984,3.5564784889891943
985,1.1921050893913225
986,6.463577244271939
987,5.162262958518556
988,2.9191947893320083
989,3.371321220363725
990,3.6935969912882287
991,-0.8444881638928896
992,2.7096574581349357
993,1.8079660658002885
994,1.1395189490694868
995,2.5542943798701274
996,6.688524265532443
997,4.354421225508004
998,1.9128967885831814
999,4.185880630649025
1000,5.82783246578926
1001,4.869746026460096
1002,3.1340504571598538
1003,1.7181837784590637
1004,4.4087298338183505
1005,3.8024389272347685
1006,4.811998568596355
1007,4.301057796052031
1008,5.141877973772592
1009,1.98731407624561
1010,5.710534638124112
1011,3.491853347486137
1012,7.271023839198715
1013,1.7689085689713187
1014,6.648921040529318
1015,3.6054434443279977
1016,1.9423247600001856
1017,2.3158288067883053
1018,2.6842358968380085
1019,4.217471432546995
1020,4.461886336103544
1021,2.318744923473319
1022,3.4702051819597983
1023,7.859049655073584
1024,7.087999422076338
1025,4.566757742927404
1026,3.834090637775771
1027,4.064877525917595
1028,5.121321063080556
1029,1.920889616843537
1030,3.5266102121717298
1031,0.7817613162232533
1032,4.997597457999507
1033,5.57639756169763
1034,3.4010963176670095
1035,7.603491016995715
1036,2.094593933592255
1037,1.71051686484159
1038,5.183818550248136
1039,6.927239312303165
1040,8.30147724018429
1041,4.118854962719004
1042,7.2993796754148175
1043,5.172758178367364
1044,5.014609215710979
1045,7.23957228892844
1046,6.891554299436875
1047,2.551014846744075
1048,8.775971265648328
1049,8.70433111404219
1050,4.816412281948433
1051,6.984629845607419
1052,7.308627814298228
1053,6.971482350846239
1054,5.481077150115493
1055,5.371940580886424
1056,6.7994876370763615
1057,9.33333170142089
1058,8.214181542494043
1059,6.526649549676231
1060,8.953921219893514
1061,1.857791422915028
1062,9.998426382740579
1063,4.369108873083075
1064,7.2728763255658855
1065,5.9091772565661635
1066,5.711406267319216
1067,10.77612413583768
1068,7.674174075201764
1069,9.459049721869231
1070,8.829980432164367
1071,10.036951225033436
1072,9.396783505413602
1073,6.8386010608949315
1074,11.559693680761168
1075,8.743302934083381
1076,6.782342346857557
1077,9.204952004562863
1078,13.229316090128023
1079,12.095743759429293
1080,9.86634067739658
1081,10.03426618510433
1082,10.259390952847188
1083,15.226729915638872
1084,12.008321590394845
1085,12.276344783868854
1086,13.649183313413094
1087,12.239043636728553
1088,11.416673676797673
1089,11.715744264135258
1090,12.139270272714116
1091,12.382349372948392
1092,14.086615516200341
1093,12.910001543903247
1094,14.446283205908564
1095,12.994552240288602
1096,13.488276307662018
1097,9.509612358343912
1098,15.51361325117024
1099,14.548764520849726
1100,16.02647210182976
1101,8.41238928631607
1102,18.555830726125052
1103,14.273765792087643
1104,16.94280631035444
1105,12.819705895357282
1106,16.297673748167906
1107,13.137383926043634
1108,14.168197135071962
1109,19.414698790213745
1110,15.37550364429926
1111,16.361248406113504
1112,17.835264911407094
1113,17.254423545455975
1114,16.730962622949697
1115,17.326198034931526
1116,21.568296312926908
1117,16.810406561581416
1118,17.490963467560633
1119,19.35209020746723
1120,19.622697090123495
1121,19.945370697077333
1122,19.007190085104284
1123,15.600848072867882
1124,21.309512313376477
1125,15.90436769292615
1126,18.955311714947445
1127,16.993000083075913
1128,18.523270834919547
1129,19.457509341643142
1130,19.58953415566102
1131,19.935852084598178
1132,22.4629375366943
1133,20.284360017617487
1134,19.02898548740975
1135,21.58367082268106
1136,22.17078556959593
1137,17.471087984794032
1138,21.253634794928267
1139,21.591744866531272
1140,19.7228330399359
1141,23.19589312067022
1142,20.268809998625965
1143,20.94240205298462
1144,20.465284454463646
1145,20.96058146368488
1146,18.85265073977369
1147,18.27862560027925
1148,24.458980144127757
1149,19.684974142815182
1150,19.50269178642648
1151,17.282898077248568
1152,20.413548854176998
1153,19.144649799076788
1154,25.171751220138773
1155,24.001753286154454
1156,20.697696272145734
1157,26.668199775263396
1158,24.213618140881575
1159,21.68458641681839
1160,17.416978768492797
1161,27.076572113743048
1162,19.79177210219789
1163,19.353661235861676
1164,24.76043204030982
1165,27.662899115236613
1166,25.617294480536614
1167,24.039154587555913
1168,24.16064786479443
1169,24.73497165424172
1170,24.600181612806644
1171,23.6960585729202
1172,23.390582311904716
1173,23.10263784901479
1174,21.76266593064077
1175,22.749131192068475
1176,19.961558273475692
1177,23.18487746462551
1178,21.435544382048597
1179,21.23379456592101
1180,23.82607736165205
1181,26.272672142395535
1182,25.344736209027918
1183,20.38358927054226
1184,21.55886974769906
1185,25.430248884516402
1186,21.591354910624432
1187,23.111727920252875
1188,24.662803781667694
1189,21.62475726119259
1190,23.767986253095895
1191,20.88201793726476
1192,22.337214950284803
1193,24.16644692437834
1194,20.324884668293627
1195,24.37287257753641
1196,23.430766852088063
1197,24.550217451753824
1198,23.865344876598563
1199,26.11516959735701
1200,23.603812886063658
1201,22.458141764587
1202,23.522262304041877
1203,24.322115805234272
1204,23.28824369492808
1205,23.223876304576287
1206,21.688059516825334
1207,21.712787505892724
1208,20.177138429750553
1209,26.422492806056567
1210,20.373852258864474
1211,21.411275971351643
1212,21.29306767250954
1213,24.449835768190727
1214,21.99752301318044
1215,25.007694776177413
1216,21.087393693122273
1217,22.911927547133278
1218,20.60023405750902
1219,26.475665473241378
1220,19.722085752233685
1221,22.626342655683587
1222,23.181204606597824
1223,22.645758036563794
1224,21.34968205332803
1225,21.360331892199152
1226,21.60496111078743
1227,21.118379252449046
1228,23.23289873748132
1229,25.616688537172198
1230,19.968939065943594
1231,18.23040879810607
1232,20.67738939612414
1233,25.895192750098786
1234,19.008163226154625
1235,23.7714384407505
1236,23.72429018676265
1237,19.13542473985332
1238,21.252347240414057
1239,23.241060211340372
1240,19.09404278102254
1241,19.31135419499177
1242,18.419595570176217
1243,17.416153251641337
1244,18.00812928419589
1245,16.718171863309834
1246,19.091980220077733
1247,17.340063550975827
1248,19.20225785046681
1249,15.476093923982493
1250,19.101412374505244
1251,19.95708878353129
1252,14.151595944982299
1253,18.734919719521923
1254,20.2886328384891
1255,15.259296328227874
1256,20.86784856055162
1257,18.20375614961632
1258,15.797645028447086
1259,16.937065115905554
1260,18.005223507478483
1261,16.879627000692825
1262,17.64330337888055
1263,14.56179679895283
1264,16.578444657044745
1265,13.248148718405254
1266,15.688305433124397
1267,13.937496917547067
1268,14.10823160669083
1269,17.884931796370818
1270,17.42834447530668
1271,16.2965544102012
1272,12.725832157144
1273,14.109496437564333
1274,17.000091164105967
1275,14.68868952056762
1276,18.875102995396347
1277,14.854146951241077
1278,14.28260687496112
1279,13.11125399395977
1280,13.82757882716248
1281,13.0866501494992
1282,14.639033559833923
1283,14.967631634352973
1284,11.313894060172075
1285,10.055338947024978
1286,8.877662495225804
1287,13.398711319119794
1288,10.009088321080306
1289,7.743620938181298
1290,12.660677780260228
1291,16.704225884398276
1292,11.54142893682953
1293,13.066583463365623
1294,11.390028439054568
1295,10.866144066798539
1296,12.740464792338349
1297,10.16103470433318
1298,11.116572350126964
1299,11.066367400549263
1300,8.929002967884873
1301,12.09255626182759
1302,9.60296259896004
1303,8.286972134143989
1304,10.718278855241582
1305,7.6963825167472155
1306,9.399048553995746
1307,9.175169913848839
1308,11.217319677240045
1309,9.848489267966894
1310,8.704090979977844
1311,10.24626120992619
1312,11.249302369348719
1313,9.444284350420066
1314,8.210805632566965
1315,5.429566662976748
1316,5.787894003154536
1317,7.1743384603342655
1318,6.434254685837748
1319,7.149692189984182
1320,7.509194087814871
1321,8.3294816133009
1322,7.005280952977183
1323,7.997482266563651
1324,7.033683273844083
1325,2.8361480944080206
1326,4.792884243177587
1327,6.270015817686952
1328,4.027633870388641
1329,7.537943555651194
1330,9.29291393661757
1331,8.564558042528633
1332,5.598098330267653
1333,8.906744830676416
1334,6.125325096155049
1335,5.058934685301435
1336,4.413865532573203
1337,4.94577174610642
1338,4.686901277020619
1339,5.719161456913612
1340,5.617107394050131
1341,5.222263476005361
1342,6.012865861199806
1343,7.4457299666671215
1344,6.89164634165863
1345,1.95351770977358
1346,-0.2510567526482772
1347,6.661614079193454
1348,1.998142239047214
1349,4.224049811570858
1350,2.2778092883154097
1351,0.9613202604404902
1352,5.59825995583119
1353,5.98652142026417
1354,3.270904967179258
1355,-0.7995920854565393
1356,3.251435542275071
1357,5.091841899935774
1358,1.3176091614930785
1359,4.612250102336817
1360,4.18791781823806
1361,5.353045934996293
1362,4.412475269041053
1363,2.208961569977955
1364,6.532966975591692
1365,3.8104343557321325
1366,4.063503497824153
1367,2.245148943005033
1368,3.221648642138022
1369,2.3380939139841423
1370,3.764252373645968
1371,7.538965723358953
1372,1.3801091534575347
1373,0.9081081395750967
1374,7.091845444213766
1375,3.7480823105956675
1376,2.8487558756577487
1377,6.289824146874463
1378,3.0248328908555533
1379,7.917061554183785
1380,5.652793297688207
1381,3.355930885991472
1382,8.684085581714363
1383,3.198647794843402
1384,5.937758774345668
1385,5.098513502669619
1386,7.152628323222612
1387,7.724228955012935
1388,4.720104573505699
1389,3.206963790176303
1390,5.694244426347606
1391,3.4821503493165733
1392,8.930399032873696
1393,5.24548249406304
1394,4.3132804009091785
1395,5.4874998907518195
1396,2.5007855054103443
1397,3.3313699750098036
1398,7.757624342268858
1399,4.127821513470914
1400,3.435192511824018
1401,6.692290272135658
1402,8.082903514511196
1403,7.24442592525166
1404,7.896125203490387
1405,4.490408644732197
1406,3.262776245730686
1407,9.213863994128069
1408,5.6730063532002335
1409,5.926208742922723
1410,9.196079691108936
1411,7.766243743827833
1412,7.681894398839077
1413,11.218667948472756
1414,5.72234628480231
1415,8.987922736424315
1416,7.371233244138607
1417,7.921424754274943
1418,10.570242236278894
1419,8.66003676292286
1420,8.853974060342125
1421,10.057331539752157
1422,7.319225638248721
1423,6.5093656663865485
1424,6.238620046108119
1425,4.537737543156986
1426,12.726794929066127
1427,6.553569841097443
1428,8.464718985422282
1429,8.50243036673084
1430,9.821249016243097
1431,10.989793008306219
1432,11.232608774172485
1433,8.500265897187191
1434,9.488307178348263
1435,10.54516587963682
1436,9.641358934345604
1437,13.513401297564972
1438,11.441816308733253
1439,12.091918737625788
1440,12.111315824593945
1441,13.296937023608814
1442,11.477466575554686
1443,8.688143772996668
1444,12.248469496410078
1445,10.314518827704967
1446,10.728942505266753
1447,13.128602285569393
1448,14.602844567302435
1449,12.339882013777164
1450,13.08667184907992
1451,16.04565929316846
1452,13.295465883350271
1453,18.190512187794752
1454,14.291757639439599
1455,9.813160691256533
1456,15.015622199595743
1457,14.445762684954175
1458,16.437661839471396
1459,15.379382096403837
1460,13.931072277849863
1461,11.934403527421257
1462,14.139969239610554
1463,13.031939697717492
1464,13.746796769084629
1465,16.259710893652613
1466,18.596870051316117
1467,16.220656850077738
1468,13.213495527753137
1469,16.668059377006266
1470,18.345303448918184
1471,14.905204787463232
1472,16.028959842772117
1473,16.498037529153336
1474,15.069924949400336
1475,18.10668661962846
1476,16.73792783401815
1477,17.987832272525377
1478,15.541922051490953
1479,16.609275730444836
1480,19.09533925750822
1481,17.070344387178285
1482,21.434374415207706
1483,17.34456446324459
1484,18.755503046047036
1485,20.332471518221208
1486,15.790527347421222
1487,15.264376397378244
1488,15.892136764938707
1489,21.62474743252928
1490,18.150621910762126
1491,24.524079988108863
1492,18.43106918206034
1493,20.079045639885404
1494,22.942993672541878
1495,24.01819920377745
1496,24.274626484087324
1497,22.712281739277252
1498,22.48588661747275
1499,21.76326889733776
1500,22.27359105499874
1501,19.751311702210366
1502,19.352220330912488
1503,21.114885834834467
1504,20.9123253714963
1505,20.47530370479698
1506,22.901567900568978
1507,23.544367936879194
1508,21.93343102702106
1509,24.832396903439946
1510,19.71250291705709
1511,21.724897356414036
1512,20.79266395138358
1513,18.605051990021032
1514,22.282272597430087
1515,22.311308293016346
1516,25.68650190726988
1517,24.023624547238445
1518,20.813596519462845
1519,26.66766582874684
1520,25.496572185865517
1521,24.311210639856135
1522,22.78401732511241
1523,21.405511455139344
1524,22.66478992147786
1525,25.66889918737724
1526,27.34013452739947
1527,26.734347777522352
1528,22.744377652894062
1529,21.554353301524404
1530,24.144147956001937
1531,20.391540180053504
1532,24.638035287900173
1533,23.756995296533972
1534,23.177830720889343
1535,20.975387303907162
1536,25.244054468714403
1537,23.200669978819548
1538,21.972598298252358
1539,18.611397932586627
1540,24.341501034715375
1541,27.978749491056607
1542,27.791576874086076
1543,23.58676535973754
1544,23.325511908947153
1545,25.493533740067736
1546,22.58232776864583
1547,25.202854134739525
1548,26.14865576754283
1549,27.084635512440034
1550,24.441780407719847
1551,24.2431037365718
1552,22.899890332994065
1553,23.004539949882336
1554,24.204829071675903
1555,25.389046152480933
1556,26.475056675622483
1557,23.032148596853244
1558,27.61155316565634
1559,24.0686533461738
1560,24.549950879090385
1561,23.077113705910236
1562,19.69898196287006
1563,26.288560529943602
1564,25.96425549514353
1565,23.8951109966329
1566,24.556056995669714
1567,25.415385936574914
1568,21.216982517594236
1569,23.239683545648543
1570,25.83919485982204
1571,21.69214001806098
1572,24.735080523899125
1573,21.37925577539696
1574,24.966960328989007
1575,23.901742778690124
1576,20.678950851033356
1577,26.17216506224098
1578,22.304278775627914
1579,22.081057708876827
1580,24.02814887275481
1581,25.847103263158907
1582,21.438396930092832
1583,23.5110306875333
1584,24.16037808655808
1585,24.60150009544364
1586,23.47821225089938
1587,22.29883769429587
1588,21.282829376951764
1589,23.01299520911625
1590,20.596737903900753
1591,16.79626469387682
1592,23.407707336385148
1593,24.23578358651364
1594,17.593111772845457
1595,20.18834766144993
1596,23.332753491195312
1597,26.093909712307624
1598,21.902852971126986
1599,20.2855151386305
1600,21.25392860869494
1601,24.245656733708948
1602,20.078177403730315
1603,19.64398119074441
1604,20.147233865479638
1605,19.074554914438966
1606,21.0932193026843
1607,23.962117789262102
1608,21.22205815335184
1609,19.932629258031128
1610,19.713490190854863
1611,17.02888977108109
1612,21.778074656826234
1613,19.71123280376746
1614,19.359511627241876
1615,25.958807228552523
1616,20.0208195774739
1617,17.76909941948033
1618,18.26802563948819
1619,21.26442896526385
1620,19.03965870872472
1621,15.78097248061074
1622,20.339273993979454
1623,17.006740040764825
1624,21.930807830451954
1625,20.184512338718804
1626,16.969044382319705
1627,20.26410935028942
1628,17.675341299095354
1629,19.081945435782117
1630,18.181894874679653
1631,15.355059840485579
1632,15.595379764166795
1633,18.776519511076078
1634,15.880627802358921
1635,15.575974408221324
1636,14.305681599868885
1637,16.89539327704644
1638,20.005176857298334
1639,13.57670717072767
1640,15.591622706888794
1641,18.19885128857059
1642,15.046220199910708
1643,15.941256670134715
1644,12.742704301725205
1645,15.555102921963018
1646,14.155267554557964
1647,16.3322042980719
1648,16.566876338981956
1649,19.202813947083307
1650,15.014808659937978
1651,14.339314464777507
1652,13.909044369036552
1653,12.646921968428734
1654,13.863676195053037
1655,12.429884979245314
1656,13.192164396717448
1657,15.325617359000722
1658,10.513191860468114
1659,14.642613137146547
1660,14.83443874069194
1661,11.802246728149829
1662,7.6337205195477935
1663,10.50175275459019
1664,14.152320353158334
1665,11.35454574451802
1666,9.244691748533981
1667,10.077871791933331
1668,12.613945199466606
1669,11.872660556575994
1670,10.149068571535453
1671,9.742320316057203
1672,9.542831791836015
1673,8.333294414613263
1674,13.262065352053584
1675,9.241349048484196
1676,12.17650375809173
1677,12.642579707010569
1678,11.455937421968068
1679,8.457092661536848
1680,9.990502782599702
1681,8.99909387202169
1682,7.106298015542244
1683,9.430451598359896
1684,6.2935393356369
1685,10.898757553653827
1686,7.467876846793433
1687,8.67511448188333
1688,8.71706338099821
1689,7.5124159778017345
1690,9.085434110123915
1691,6.846177929490718
1692,9.424671958955265
1693,4.878398105517023
1694,7.713618655201336
1695,11.23147474241056
1696,5.247999183959655
1697,5.790536767284305
1698,8.073558328234395
1699,7.307003722218409
1700,7.553609353813526
1701,7.737673025065805
1702,7.938160346830818
1703,8.800032466217877
1704,7.3147091498284995
1705,5.929545468077233
1706,7.676772460795462
1707,10.053553238960497
1708,5.91331013747035
1709,4.156954376356881
1710,8.250279134926018
1711,5.7281513051493524
1712,1.5590821783248927
1713,7.537504034618146
1714,4.71299465474222
1715,5.546344094397066
1716,6.33791776869918
1717,6.004306437389627
1718,6.994380080001413
1719,4.659507511698823
1720,6.514544298374858
1721,4.929953797994667
1722,6.890257081007176
1723,6.609846230616792
1724,3.4776059874415735
1725,7.4927266894305475
1726,4.224030659830484
1727,6.890192494946677
1728,5.9897024914457235
1729,8.915484297496977
1730,4.779117797069062
1731,4.517297480662439
1732,5.169925547420562
1733,4.5981942634115915
1734,6.803184220265508
1735,1.9723845628798986
1736,3.1023054640062413
1737,3.0816876483016453
1738,7.128489163107419
1739,8.662636267375238
1740,5.048998565901759
1741,4.939688983913645
1742,5.439815266881266
1743,7.648783404863822
1744,3.4985671352684196
1745,5.861181247254553
1746,7.3689233576983995
1747,6.457706994077654
1748,5.874568124823359
1749,7.5402680803204465
1750,0.1773553100005465
1751,6.988074914080361
1752,4.375524200512032
1753,2.0765936696059755
1754,6.817266017586096
1755,8.601980742874703
1756,5.642354127229032
1757,7.888354791847815
1758,9.275265339686733
1759,8.75137017739263
1760,9.475012023017712
1761,7.7555680135822005
1762,6.501077079563236
1763,3.227819192370034
1764,6.02378785684171
1765,4.916178644792829
1766,11.033888472494436
1767,6.432109267666133
1768,7.124688713702945
1769,8.078141366189142
1770,7.161732543188895
1771,10.566423776405518
1772,6.03522479119197
1773,7.776318071022636
1774,6.011088810926076
1775,4.96722761209074
1776,6.497260904625319
1777,7.762503037381198
1778,7.095967447934083
1779,6.689908894210738
1780,5.384443899965273
1781,8.15530936069562
1782,5.438599205282102
1783,10.096712545469694
1784,8.872044850640442
1785,5.924593386002137
1786,8.355737254153608
1787,7.60619070271447
1788,9.887050262847271
1789,12.069609477456744
1790,5.780140062131521
1791,9.90404158216721
1792,9.49891468410623
1793,11.308695631864765
1794,10.54084572836983
1795,8.760509553407713
1796,9.7778513441974
1797,8.97688980742948
1798,12.875365028422891
1799,10.921765399015019
1800,14.838651730460082
1801,11.073368286414203
1802,9.937541241971495
1803,8.487789799322323
1804,8.070955273357393
1805,8.672083958340382
1806,12.538788159572588
1807,13.187174016460773
1808,9.17349378327317
1809,14.29301685864145
1810,11.704748446603482
1811,13.133203364217025
1812,16.23357281068491
1813,14.973042549250838
1814,12.813203647724745
1815,11.739400496778494
1816,9.39024325929857
1817,12.428175611906795
1818,13.617298845465218
1819,12.238695897299621
1820,14.124404749251775
1821,14.714803723214066
1822,14.285836154273369
1823,13.610207269299359
1824,15.42235144216816
1825,16.14386757173067
1826,13.254195918084488
1827,18.43187935898672
1828,15.587820683954051
1829,15.997589473601028
1830,17.551072417586713
1831,16.77563841655891
1832,18.38980047628419
1833,17.231804368098416
1834,15.606367282280026
1835,17.727541731736622
1836,14.889931180009247
1837,17.566857922066312
1838,17.455089332779288
1839,17.276532336937713
1840,17.606263921840203
1841,14.269520315263511
1842,17.104905238305758
1843,18.55638952707987
1844,18.85791627513538
1845,16.64946739165338
1846,21.401909537552324
1847,17.302834203164974
1848,21.1377543591866
1849,20.21580321447128
1850,18.230405657019286
1851,23.23375221463185
1852,17.45490474656429
1853,21.838266388812187
1854,22.157588158260392
1855,18.970289020766053
1856,23.25016138136761
1857,20.117389924983595
1858,21.345629050187547
1859,21.438107246903147
1860,20.796487535062486
1861,22.832739882144402
1862,22.942453642507612
1863,18.00105783967518
1864,24.24769925245111
1865,18.453142361026476
1866,23.98049662962407
1867,24.304222956892623
1868,20.002379681763227
1869,21.49423660489239
1870,20.234023221295363
1871,22.143135160689916
1872,22.082393746661012
1873,24.381172658791403
1874,25.56372692604264
1875,25.8535684608673
1876,22.054755404233347
1877,22.875303838555837
1878,20.039259799965468
1879,21.90448474963881
1880,25.55368525764266
1881,26.960542158639612
1882,21.363680398971574
1883,22.748028774615346
1884,23.978273572953967
1885,24.687055692377953
1886,22.60066770055978
1887,25.158604598512504
1888,23.450852063592404
1889,24.455089775951283
1890,25.659417283218442
1891,24.65991507564345
1892,23.851864931928446
1893,24.580305644907966
1894,24.694988963969603
1895,24.201163067754667
1896,24.49032419322643
1897,28.26918393743009
1898,26.254925814007542
1899,24.600530426091805
1900,26.640994442539693
1901,24.632216089137497
1902,27.69603391514073
1903,26.136144844653032
1904,25.22646519876488
1905,26.377833376723594
1906,22.379086928633917
1907,23.302843184777686
1908,23.20115655300307
1909,25.904601984376953
1910,29.110527905021993
1911,30.13194615428393
1912,26.96635569602605
1913,26.709904450522167
1914,22.121111988560603
1915,24.649938207843864
1916,24.16882036764263
1917,24.5088366471065
1918,25.41742915623925
1919,24.809761510735537
1920,21.792610661928922
1921,27.241341851600506
1922,23.591392355903128
1923,26.203778660285597
1924,29.858910571351174
1925,23.854495313853167
1926,20.612273742673946
1927,25.077496590597743
1928,27.82516030113782
1929,29.510760346645313
1930,23.10288858791905
1931,26.520416873517355
1932,24.558547711046778
1933,25.23655374901707
1934,30.69356355704275
1935,22.352520965842494
1936,25.816698682251495
1937,26.192551875754475
1938,27.37388908270837
1939,25.340655486501568
1940,25.70040279200179
1941,24.237875655658602
1942,25.493575863187946
1943,24.200385106647733
1944,26.058680774532245
1945,24.00242528678249
1946,25.419320090890356
1947,24.527454933315777
1948,26.75635453938874
1949,24.31717735932618
1950,20.787073760536153
1951,26.767645291603657
1952,22.340518308283503
1953,22.75017593773156
1954,22.769685602178996
1955,26.61078732502034
1956,19.489099244470175
1957,29.932145771252877
1958,25.662659454859774
1959,23.888649184363977
1960,23.221770218334857
1961,23.789848196783304
1962,24.145995967826586
1963,24.27705749829173
1964,23.978610171902414
1965,22.925273382459668
1966,22.228118605117565
1967,22.194942329044405
1968,21.98041377907349
1969,24.50859851535122
1970,23.297125398254547
1971,16.096353633154184
1972,23.15425693043571
1973,22.09549850821358
1974,21.530466873151177
1975,20.651035039108766
1976,23.534856496977604
1977,23.038657387828476
1978,19.453280040989277
1979,21.667072038482708
1980,18.76213136888523
1981,17.797275710327913
1982,19.152779580226937
1983,21.979383114584238
1984,22.00795430580577
1985,20.973755136243444
1986,21.24247448081241
1987,20.668203466413992
1988,18.195360240487837
1989,20.183605114188108
1990,20.76102353356994
1991,20.508287568184
1992,21.216136426271103
1993,20.092675149003416
1994,19.215923535312466
1995,20.489538290845047
1996,18.131706373690673
1997,16.255860614370533
1998,17.52773671526411
1999,16.197775714218583
2000,16.170434544444696
2001,17.064513816972397
2002,15.601071730597429
2003,16.40199977269598
2004,13.062406200945137
2005,17.107687782646213
2006,16.514779041857025
2007,14.709312260756652
2008,17.49300686168012
2009,17.880637262025417
2010,12.621365083078837
2011,14.142080343986382
2012,13.960398439328351
2013,13.450189175173147
2014,16.82046710561699
2015,14.605647737530942
2016,14.296364140724146
2017,10.650124691638194
2018,15.761553333646614
2019,11.845530936807325
2020,14.277756248791354
2021,14.547050990577933
2022,16.54863318704002
2023,11.04535654043953
2024,7.460366345247483
2025,13.704244341101903
2026,16.77553256213902
2027,15.49122704186379
2028,13.272385075025817
2029,11.710481866983038
2030,14.149691541305298
2031,10.431097908018172
2032,13.174749077489553
2033,13.077963457462442
2034,14.033625681300357
2035,17.27994820287354
2036,12.39416788768973
2037,10.44144775726596
2038,11.259641930318113
2039,7.625475637896143
2040,9.628503861098816
2041,10.055177707214208
2042,9.682931587456707
2043,10.894780362503646
2044,8.80583204709898
2045,12.555015736324501
2046,10.177373858284382
2047,10.02412838066346
2048,9.254513460901407
2049,10.090102783895986
2050,11.301220647936754
2051,7.789989541124804
2052,8.083204402120721
2053,8.669172106024407
2054,6.464105705674532
2055,7.3986284554485255
2056,7.968108297287585
2057,10.554878912329869
2058,9.218953107672647
2059,8.97095367368252
2060,10.177760134342773
2061,8.095690740403713
2062,9.0481459881336
2063,7.959898048985419
2064,8.598565553930385
2065,6.8062269095847565
2066,3.0004466716151983
2067,7.518321425045811
2068,10.543664656420987
2069,9.464404835927798
2070,9.459118054315189
2071,9.91950263030738
2072,7.546068399240268
2073,7.687514705412546
2074,5.984350954558336
2075,6.516944426993284
2076,8.312753539955159
2077,9.4238078980677
2078,6.674701110892579
2079,5.993515992618984
2080,6.838016075329212
2081,7.985221801538136
2082,3.8437462403995277
2083,2.090557042060434
2084,5.5361390823066525
2085,4.152926932641481
2086,5.538069133587013
2087,6.221658101949659
2088,5.57647447387888
2089,9.35655327696303
2090,7.076659182709362
2091,6.998583653729359
2092,7.619436782999709
2093,4.07767367829174
2094,8.416817478310024
2095,6.173261733852753
2096,7.654895331152829
2097,4.162314906904911
2098,3.1935618307191755
2099,7.93486573455464
2100,7.0528710699326185
2101,4.499873653747215
2102,4.5715342164822985
2103,8.571571287050855
2104,3.9546749698341355
2105,9.634594498485063
2106,4.566705985256914
2107,7.666374548978075
2108,5.756935853265535
2109,7.648062251231252
2110,5.383899192182193
2111,6.179898294770531
2112,6.623587488273384
2113,4.576537532890366
2114,8.104612017365167
2115,5.641463094969293
2116,6.25848091109126
2117,4.777622864650732
2118,1.6951314289107016
2119,6.494041677475987
2120,11.760432053747966
2121,8.56630274375623
2122,7.0232378881480795
2123,6.603394743564037
2124,7.244260154425462
2125,8.366432907082384
2126,4.986129020590077
2127,9.6546302099027
2128,8.937631553276738
2129,9.026749361544582
2130,8.553441437483029
2131,7.804413792794258
2132,9.202146577487554
2133,9.133822999080074
2134,7.338384073165804
2135,6.998005249792181
2136,8.450108891752816
2137,11.44803925970408
2138,5.977772840788466
2139,5.629279400055154
2140,9.004518284907396
2141,8.88973054813119
2142,9.249856347753589
2143,9.508523414957665
2144,8.693848769712451
2145,12.241774161195298
2146,6.184155924157553
2147,7.8549732396134715
2148,9.433511589195803
2149,6.483710714324635
2150,9.550422560490325
2151,13.359052353204886
2152,10.213764511125719
2153,10.771132397961017
2154,7.928959775919962
2155,9.357904467757187
2156,9.983310822155573
2157,10.243046558824089
2158,13.588192429481232
2159,12.288327522986599
2160,9.099639604814595
2161,11.966701363502423
2162,12.62275392646811
2163,14.060665189681945
2164,15.096898529167083
2165,10.062427063570922
2166,10.629001452419153
2167,9.894918624151025
2168,12.10260306162553
2169,13.665091910274537
2170,14.869893548320068
2171,12.907241491838931
2172,12.584389568290382
2173,13.69351580569795
2174,11.886555145834436
2175,17.903636958646093
2176,10.677784722576682
2177,14.4319149034566
2178,18.27970364144685
2179,14.416829402910672
2180,14.194521571547613
2181,14.031660317275989
2182,14.55825091883125
2183,17.837695796499563
2184,10.841670739359948
2185,18.506038406732593
2186,12.765363333112536
2187,15.254359171962987
2188,15.103790024867699
2189,17.314178499004214
2190,13.115743572317026
2191,17.41133427350675
2192,20.710630305230882
2193,14.110659714729756
2194,17.39134037575799
2195,15.86275677894173
2196,18.213110581954297
2197,17.574017916818647
2198,16.426855177771415
2199,18.859350007723158
2200,21.665697372426955
2201,17.84815813418931
2202,19.841964721399492
2203,15.987854442707043
2204,16.83289753257321
2205,19.861321352773153
2206,22.05479831140675
2207,19.967119920758492
2208,18.79832442369712
2209,19.5907418617522
2210,17.258184710860064
2211,21.133946037910636
2212,21.854522585522815
2213,19.349594819191946
2214,19.4765405430991
2215,21.110113679464515
2216,19.86548618593859
2217,20.766018295908562
2218,25.255828131106284
2219,20.719131442477646
2220,20.651952583318117
2221,20.22760595925518
2222,23.163692136361497
2223,21.46399613487505
2224,20.677308521820773
2225,24.766703225072302
2226,25.109729256690695
2227,21.21444928571912
2228,18.8252928134426
2229,24.71473807340864
2230,21.470009761956323
2231,24.558259663791723
2232,19.17268034282746
2233,25.032063307244126
2234,20.95656780480539
2235,24.970507128639127
2236,23.66557884649888
2237,21.855157280096105
2238,23.072880090155287
2239,25.38138363493132
2240,24.340171887089735
2241,25.41465294193218
2242,28.313926024611842
2243,21.345520174143516
2244,27.819095218377196
2245,24.901724882950095
2246,23.001432946640065
2247,22.241976447293204
2248,24.625550422859895
2249,26.94583472880105
2250,24.943707027647598
2251,28.314885754940764
2252,22.481468142490627
2253,25.448332144444304
2254,23.053835201045036
2255,26.369394842855677
2256,27.496787959629632
2257,24.959721761430114
2258,20.668377610013756
2259,26.34756792479158
2260,26.893300701486435
2261,26.895830862306518
2262,28.623470215684115
2263,24.071691430179758
2264,27.633335008224567
2265,28.714216278454618
2266,22.825503218119202
2267,27.072622910066656
2268,25.47275011007219
2269,26.362991327271793
2270,27.26344052262334
2271,25.632793734290964
2272,25.29209973476166
2273,26.745177638565455
2274,24.532820733207824
2275,24.56317693746612
2276,28.1181558681517
2277,24.48346447513004
2278,28.13237640984528
2279,27.74068383013911
2280,23.37668482419749
2281,25.483010316297005
2282,29.233242043632508
2283,24.886616919983048
2284,25.92110505687664
2285,27.77204242375249
2286,28.409751645579973
2287,26.331988131240603
2288,25.629189303693046
2289,29.65514581992754
2290,30.271459413741884
2291,28.73169360665069
2292,26.922001350622352
2293,25.10929890321343
2294,25.03649297886534
2295,27.711056918606626
2296,27.468577702192768
2297,29.39784765701121
2298,27.855548400602487
2299,23.505626615190554
2300,28.569976287110958
2301,24.421422872704554
2302,25.598249152415377
2303,26.812440254887402
2304,30.24644045724613
2305,32.415243449756154
2306,27.346407094542307
2307,25.70139552214633
2308,27.068921157913728
2309,27.704656106320652
2310,25.21478145828427
2311,29.37066949450726
2312,26.161900331687875
2313,26.616163093049956
2314,26.868874472664363
2315,26.294004837007822
2316,27.04000125152082
2317,24.036412638738117
2318,24.060652267300036
2319,22.8808506789255
2320,25.86166090639006
2321,26.439656718748424
2322,25.694111415101286
2323,28.022020656688262
2324,24.554034111394497
2325,25.792652861516295
2326,22.159497696816977
2327,23.454250550674267
2328,25.502931340240053
2329,25.69135666886535
2330,23.28444194109392
2331,23.6063641160126
2332,20.589002534091748
2333,22.783917479785377
2334,25.150044910861567
2335,24.389107138285915
2336,24.107602419821756
2337,23.071587645913954
2338,22.850171915580816
2339,21.377685809189806
2340,23.95658622196889
2341,23.259837505452914
2342,23.25929511254521
2343,21.079000191387934
2344,17.678686712583218
2345,24.032514868805315
2346,20.73195007930226
2347,19.814112518581588
2348,22.775329698776627
2349,20.451768853859168
2350,23.201849628964148
2351,22.16097836037631
2352,22.137948338973807
2353,17.881642229568282
2354,22.879133732525695
2355,20.818434817991243
2356,19.397111385522642
2357,20.261266735567155
2358,16.259984282608947
2359,20.46691496607224
2360,17.42725964495813
2361,16.616343432950245
2362,16.11198451290263
2363,21.216485761721184
2364,17.56642548610018
2365,21.72573814660487
2366,17.419547653443733
2367,14.908890261468766
2368,15.922651105026162
2369,20.459105818260483
2370,17.50720826673582
2371,16.553742268115883
2372,17.801506550586794
2373,18.316080660518338
2374,19.378300645032652
2375,19.871482934970576
2376,16.085973185528825
2377,13.984536536703377
2378,15.640969309853142
2379,16.819925478313092
2380,14.203559315604817
2381,14.048786597612592
2382,16.4830246046963
2383,15.530904202465667
2384,15.52701298699172
2385,13.778138687448257
2386,14.668588654762454
2387,13.11578481927456
2388,16.58015900803748
2389,16.706471549218236
2390,10.780556820922552
2391,12.45166859629339
2392,11.156236581262952
2393,12.688747648071653
2394,13.662364035579145
2395,10.771386129669228
2396,11.669433481565322
2397,11.348802348720612
2398,13.615950362749054
2399,13.185984459018995
2400,11.450928723506804
2401,13.096427714871957
2402,11.499127790919722
2403,11.90024494138012
2404,15.642936716363463
2405,14.83088672694429
2406,9.40623306256207
2407,13.52183377875274
2408,13.343721163696674
2409,9.284589036451816
2410,13.080529168733772
2411,14.38240845944888
2412,8.926779485028392
2413,9.203982404278726
2414,12.943264612069935
2415,11.321760281872464
2416,11.75446365412764
2417,11.207382987068744
2418,11.184279821907143
2419,7.6286545034823385
2420,12.2570090868513
2421,12.384428873787659
2422,9.471478464795975
2423,9.730487880804864
2424,6.644613638782962
2425,10.626963675308023
2426,10.636466179495422
2427,9.264170293573828
2428,11.535795581062315
2429,8.519837347774155
2430,10.220503236758017
2431,6.957688412607046
2432,8.858093408075867
2433,8.467152787244427
2434,9.179651037578745
2435,7.905692104488927
2436,8.300074247970944
2437,10.13597503979701
2438,7.533825566653823
2439,5.120308803702512
2440,11.761398150768304
2441,10.956586176683224
2442,5.543301819286562
2443,9.44411389749681
2444,6.998361279337545
2445,8.473657997832454
2446,8.480282725803386
2447,7.370965040104995
2448,6.223007046194414
2449,6.36304103235883
2450,5.868165711412183
2451,5.996186958932237
2452,7.4876249928569845
2453,6.155492244954621
2454,8.91903869322112
2455,10.50025127953118
2456,6.339388482901954
2457,7.954960212904153
2458,8.455105723579855
2459,8.382259309987322
2460,7.575625603768886
2461,8.897486429336706
2462,8.367976565995871
2463,4.92246487266491
2464,9.133369462648758
2465,9.169864881124655
2466,5.871895948034107
2467,7.480487799436096
2468,8.78037217831023
2469,7.007144903975199
2470,9.58674059489877
2471,12.186491496094185
2472,5.907682072831378
2473,4.741412887640639
2474,8.137921396360198
2475,9.003118444451102
2476,7.130889129713162
2477,10.53468209387115
2478,4.989388875450458
2479,9.093767759289861
2480,6.540417898225366
2481,11.237971172447136
2482,11.834175637686712
2483,6.368601190915075
2484,6.858394666032706
2485,9.735088855834505
2486,7.302849104000307
2487,8.050261245574879
2488,8.258591713565892
2489,4.437938805224405
2490,8.321799255051854
2491,7.044907738890053
2492,7.515683819178898
2493,11.46941521972657
2494,6.151991893733631
2495,10.376879615761705
2496,8.280591629752044
2497,8.369604922605282
2498,10.603010417364665
2499,9.798017502265948
2500,10.357268701517912
2501,11.25299117833429
2502,8.757006722090233
2503,8.300544539536741
2504,7.462474064253156
2505,8.092042755634704
2506,15.75344126457254
2507,12.4592677040836
2508,7.384650428296548
2509,7.560974652709414
2510,11.29088052918424
2511,11.545067279723419
2512,11.673790449367322
2513,10.193655854625346
2514,10.582226299192616
2515,11.620446506125013
2516,11.269973329349181
2517,6.794995033564201
2518,10.911274401751765
2519,9.807168364784545
2520,12.00130105166546
2521,17.764041803803607
2522,12.672839995123809
2523,11.456835609651566
2524,14.07513943459377
2525,13.346133982790567
2526,13.371706026722157
2527,13.897470405192392
2528,16.950557690739746
2529,10.730799607173676
2530,14.096306112030698
2531,11.45405932995965
2532,14.57689486327168
2533,11.788766700320924
2534,12.952851882061863
2535,13.359980213391035
2536,16.065449539095415
2537,16.115415032061875
2538,11.952747573601943
2539,14.720664730859124
2540,13.359140565703921
2541,12.429635124861623
2542,14.681747492892406
2543,14.668695478370303
2544,20.309666921208226
2545,16.493370336653086
2546,13.044026487978195
2547,14.84206839700755
2548,18.187231909534315
2549,20.494643514178918
2550,13.319477337829287
2551,12.905624021264181
2552,20.58172419671167
2553,17.793584783668212
2554,15.452524308535907
2555,18.433261223722265
2556,12.267489922472038
2557,17.72075694022415
2558,18.544656073094327
2559,19.912498180840892
2560,16.210995664468616
2561,18.58482620491716
2562,16.737050790584263
2563,19.27284882791226
2564,17.14525240367197
2565,18.293238998558923
2566,17.290886960027876
2567,20.75739842169007
2568,21.344117285704268
2569,19.329493916548735
2570,20.046112072400184
2571,17.24268561655882
2572,19.710029363740507
2573,20.377720215946088
2574,25.887645951570708
2575,18.58919076111421
2576,23.90763050750391
2577,23.138182689382003
2578,21.869916964628853
2579,24.98900634252096
2580,22.377992360665726
2581,22.572963615543415
2582,21.848068779921473
2583,24.559867405883193
2584,24.462796365950574
2585,21.17429467378185
2586,19.94156408976598
2587,22.327079509678057
2588,21.28447465431936
2589,22.907498378874784
2590,25.657860790404417
2591,22.415216414586887
2592,23.389363813504453
2593,23.734560468193784
2594,25.45715317900012
2595,19.4065200900218
2596,22.825095896573746
2597,24.59741197630556
2598,26.70946152792173
2599,23.45802976021613
2600,20.81929396982569
2601,25.94038293858812
2602,23.556754716395737
2603,22.572587854510292
2604,23.825558366615084
2605,24.825377387719683
2606,24.102934039445486
2607,21.017068799365973
2608,27.335859759242073
2609,28.202720100235254
2610,27.06494082213084
2611,23.593105144489474
2612,25.569695236560953
2613,26.06142971909706
2614,27.371418165015577
2615,27.607401877302173
2616,24.896771509912185
2617,26.62098807532829
2618,27.460888973805236
2619,29.544731811191895
2620,28.126262263485064
2621,28.376903572990972
2622,27.045340224420276
2623,29.774835326132113
2624,27.846984321694435
2625,25.37611535594338
2626,29.973134242808435
2627,28.627555388593617
2628,26.40824830519425
2629,26.395153246665345
2630,28.004291626962605
2631,28.39169402376827
2632,27.91126025624387
2633,28.187797450886748
2634,31.010738853966608
2635,29.796681412843878
2636,28.074752528332084
2637,29.61309306340143
2638,25.69950891115994
2639,28.59158069624405
2640,31.442585899818766
2641,27.41319726856035
2642,26.176399712468168
2643,26.586925219837173
2644,25.72832440310384
2645,26.351602204584328
2646,27.19069031135991
2647,25.128195659343767
2648,27.975230888146132
2649,29.750253931191885
2650,26.128933810626016
2651,30.978803088087513
2652,28.95465310415636
2653,29.98411140943535
2654,26.594213948388997
2655,29.60292258949019
2656,25.69105530082498
2657,29.633537451614448
2658,28.17191622250659
2659,28.90701904843881
2660,25.418699526159617
2661,25.946224196214626
2662,28.894409283344284
2663,25.76397128952892
2664,28.544932331359743
2665,24.839247941356184
2666,29.22204134750185
2667,25.009996262901826
2668,28.526189216353682
2669,28.61661084064196
2670,25.912795682823557
2671,28.4086318638165
2672,27.700970893610574
2673,26.03519849126248
2674,25.02587764614945
2675,23.045170986419354
2676,27.594510725429338
2677,23.6877693988859
2678,26.92762762156826
2679,26.127031731864058
2680,27.926652768571014
2681,25.87619159131301
2682,25.730805662535378
2683,27.760392253310183
2684,26.87127589982908
2685,26.73556928544905
2686,26.941508471283083
2687,22.82919392041498
2688,27.308960615679972
2689,26.913078091918667
2690,23.54527627683655
2691,24.97876168861084
2692,25.274400182008968
2693,24.967959924023162
2694,25.786494007927175
2695,27.861245925756513
2696,27.039738285208028
2697,22.127450171746965
2698,25.86974120388139
2699,27.155247721114307
2700,25.140884006461686
2701,26.417259113369457
2702,28.126055806598032
2703,26.013376490287477
2704,24.327283904310505
2705,25.779861322497386
2706,23.83882806302814
2707,23.45461937012923
2708,22.560181541665656
2709,26.24451274454954
2710,21.334027884505755
2711,25.887387359432534
2712,23.672759107794224
2713,19.723454880521334
2714,23.105105165809633
2715,18.016241838239278
2716,23.31259439927233
2717,23.676166752854236
2718,20.56400621958017
2719,21.837764131875073
2720,25.339918138721544
2721,20.260076273911174
2722,18.99280104375481
2723,23.912118198913053
2724,24.711318366173195
2725,20.63011435266833
2726,22.48150378303194
2727,22.97670938688357
2728,18.643343735399924
2729,18.991679821134674
2730,22.257494472259456
2731,22.998752791535168
2732,20.587039888735564
2733,17.533828979484987
2734,23.09943556035287
2735,17.894953968523716
2736,18.11798013094495
2737,19.304119584412245
2738,21.558832113881824
2739,19.98946059508559
2740,18.942217923088673
2741,18.870074077834175
2742,17.861619159547192
2743,18.72209523549373
2744,12.378106845375136
2745,16.675658063048456
2746,17.58344872397414
2747,14.63104507419339
2748,17.5383753009178
2749,16.18987909145575
2750,19.943353520717324
2751,19.412560021628018
2752,15.169615711296379
2753,15.634895336775902
2754,15.62470678324553
2755,14.706050769640166
2756,15.836973341237087
2757,13.768747688587641
2758,12.86335312283544
2759,16.21021016978367
2760,16.065030956600832
2761,13.039552355850994
2762,16.282182424279785
2763,13.072726654020203
2764,14.687792929205617
2765,15.668947193325664
2766,13.80909335092184
2767,14.635168063539798
2768,12.54354861936211
2769,13.035595378720705
2770,12.870373940446287
2771,11.643988204387632
2772,12.64018028529409
2773,9.754650673586609
2774,11.729356243432141
2775,12.003349406140899
2776,11.923879622686284
2777,11.81812643756373
2778,12.044259469323407
2779,12.995162126328477
2780,13.655668944220153
2781,10.479363784324104
2782,9.246694393809156
2783,9.445189684609218
2784,10.433073136521424
2785,10.583891808590858
2786,9.63008909472088
2787,8.462321702315313
2788,10.028949274181766
2789,11.192876596298852
2790,11.911145027329944
2791,9.49956616571356
2792,9.684038694847136
2793,8.55458745443341
2794,10.245414216227006
2795,8.514132913369224
2796,11.26236225401994
2797,6.451937875786846
2798,9.21445177417772
2799,10.44846959248653
2800,10.128998044807702
2801,15.065026759911419
2802,10.298771484834337
2803,7.513880328023058
2804,9.256508922916264
2805,5.823045403843129
2806,9.145114148079854
2807,7.573673403154119
2808,11.006754807835232
2809,8.015819086686976
2810,8.823048783765723
2811,7.729919657625338
2812,12.425983839307197
2813,8.255848967185793
2814,12.516325186617273
2815,10.43522929286922
2816,9.729625953504065
2817,9.464390733415078
2818,9.478828485563188
2819,4.803087140350119
2820,8.070763474476989
2821,10.291853458952692
2822,8.479668568845911
2823,5.745934838605599
2824,8.433290550586127
2825,11.931035004773687
2826,11.00427693285551
2827,8.377104558111952
2828,10.397583415267599
2829,7.758199103784939
2830,5.082956168384506
2831,6.644212517233705
2832,11.624326300090662
2833,7.958925275661638
2834,8.031462976578542
2835,7.932828396676787
2836,12.358002844045417
2837,11.821819183701708
2838,13.030575238978578
2839,8.300973549529171
2840,9.239291104584098
2841,5.64665645616808
2842,11.668622554519423
2843,6.416910052647486
2844,9.226628768375317
2845,6.641962975061357
2846,7.705194688379231
2847,7.257620882325614
2848,7.768456040207612
2849,7.960850869076229
2850,8.000261941018502
2851,10.823967964029972
2852,7.010855502695755
2853,9.727707391848208
2854,11.791330136508705
2855,8.400530774506556
2856,8.065301497526779
2857,9.116988834109247
2858,12.017048468752554
2859,10.128011788286754
2860,8.762181482198521
2861,10.87976777956399
2862,7.797400467408233
2863,11.457214226071093
2864,11.006733919325077
2865,9.671412889601001
2866,8.709827224976628
2867,8.716035734647456
2868,11.663831362908912
2869,13.159327035862644
2870,9.536259281775243
2871,11.839464814513804
2872,6.8627296878223705
2873,9.983883393361456
2874,11.209545392928778
2875,9.573015911598947
2876,9.642229730682665
2877,10.304647881406634
2878,12.35162565320117
2879,11.521647346641073
2880,7.550902783693663
2881,7.918981596972746
2882,11.081586509418223
2883,13.34750426944159
2884,7.075775315614086
2885,11.711778081846889
2886,11.800955008874167
2887,15.77405622560237
2888,12.372942949115014
2889,14.056204202075676
2890,13.721571246683569
2891,9.328302661010458
2892,15.27773301649109
2893,14.325454808365562
2894,15.065958053674208
2895,22.058026018793697
2896,10.194780099663003
2897,17.971134486234906
2898,14.106815106724266
2899,15.417524214262693
2900,14.914138674923628
2901,14.320080620462988
2902,14.193323452160604
2903,16.15744092929335
2904,12.63046027556506
2905,17.333251927948282
2906,15.167843805518073
2907,13.90903719068551
2908,15.438848532067638
2909,19.023576858160368
2910,15.609668686272514
2911,17.56891306030119
2912,15.562316852467061
2913,18.712803224220362
2914,18.741161437014433
2915,21.240956014769363
2916,17.366558318569762
2917,19.229248566902477
2918,18.2625809942665
2919,20.832899895031957
2920,16.978354618646488
2921,20.080994871571924
2922,18.37660540776662
2923,18.8126393999656
2924,19.29948557503283
2925,19.795324461547455
2926,19.233095998567507
2927,20.06948740895435
2928,22.970549905556137
2929,21.959161023053934
2930,21.9001632255598
2931,19.42396142357917
2932,18.729288939645304
2933,22.59059529259345
2934,22.60375472475452
2935,23.96806292706677
2936,19.985164500002305
2937,20.903726820513047
2938,18.252799059660443
2939,20.914964194973397
2940,23.860333352250507
2941,21.100585783396305
2942,23.47997028176349
2943,21.9824405007452
2944,23.174950890916907
2945,20.393750814911886
2946,23.020708753742788
2947,17.027986871485826
2948,22.795201705015813
2949,20.065502906648575
2950,25.89456825876851
2951,25.192152908076
2952,24.724023380704512
2953,26.984576833693872
2954,22.19510999184159
2955,27.736500163237203
2956,26.253396555979936
2957,24.0615087563766
2958,26.949789572456908
2959,22.60817454102661
2960,23.312186675880014
2961,23.88268945618603
2962,24.178727718739367
2963,23.258502812236642
2964,27.95080088384707
2965,25.117985815806435
2966,26.469769740165255
2967,24.751090272828204
2968,22.37555091864113
2969,26.679731971220253
2970,22.43582679048989
2971,26.241613053153134
2972,23.758586197307846
2973,30.5838605910508
2974,28.543850668516633
2975,27.04214155165846
2976,29.46521666509223
2977,25.34997046585414
2978,28.23195993546907
2979,27.644591035558676
2980,27.870520858745817
2981,29.982211795028356
2982,28.994999438478505
2983,28.197432848462118
2984,24.397615056129702
2985,25.87211088306105
2986,27.62898408077743
2987,28.140706664083538
2988,25.77045327163012
2989,32.92842984762345
2990,31.209376278609565
2991,29.449612102964505
2992,28.455492633746708
2993,27.950281919728305
2994,26.531363549086837
2995,28.647864761663552
2996,29.063298518726263
2997,26.116333104611726
2998,29.317424492633144
2999,28.38491387202343
